Workbook

Sheet Tổng Quan Dự Án
A1: LONGTV — KẾ HOẠCH TÀI CHÍNH NĂM 1 (ALL-IN-ONE)
A2: Quy mô tầm trung · 2 chi nhánh HP + TN · Giả định desk 2026-07-09
A5: Hạng mục chi phí | B5: Hải Phòng (VND) | C5: Thái Nguyên (VND) | D5: Tổng hệ thống (VND) | E5: Tỷ trọng
A6: 1. CAPEX — Đầu tư ban đầu | B6: =CAPEX!B7 | C6: =CAPEX!C7 | D6: =CAPEX!D7 | E6: =D6/$D$8
A7: 2. OPEX — Vận hành năm đầu | B7: =OPEX!B12 | C7: =OPEX!C12 | D7: =OPEX!D12 | E7: =D7/$D$8
A8: TỔNG NHU CẦU VỐN NĂM 1 | B8: =B6+B7 | C8: =C6+C7 | D8: =D6+D7
A10: So sánh kịch bản
A11: Kịch bản bootstrap (QĐ #003) | B11: 2000000000 | C11: Virtual office · 8–10 FTE · MOU đối tác
A12: Kịch bản tầm trung (file này) | B12: =D8 | C12: 2 VP + kho + ~16–18 FTE
A13: Chênh lệch cần bổ sung | B13: =D8-2000000000 | C13: Gọi vốn vòng 2 hoặc giai đoạn 2–3
A15: Hướng dẫn
A16: • Tab CAPEX / OPEX: sửa ô số liệu — Tổng tự cập nhật bằng SUM.
A17: • Tab Tổng Quan: đồng bộ qua tham chiếu =CAPEX! / =OPEX!.
A18: • Markdown: /docs/03-departments/05-van-hanh-tc/capex-opex-year1-medium-scale.md

Sheet CAPEX
A1: CHI PHÍ ĐẦU TƯ BAN ĐẦU (CAPEX) — NĂM 1
A3: Hạng mục | B3: Hải Phòng (VND) | C3: Thái Nguyên (VND) | D3: Tổng (VND) | E3: Ghi chú
A4: Giấy phép & pháp lý thương hiệu (luật liên kết, mã đại lý HQ, bưu chính) | B4: 185000000 | C4: 140000000 | D4: =SUM(B4:C4) | E4: MOU công ty luật + đại lý ECUS
A5: Hạ tầng văn phòng (cọc 3–6 tháng + nội thất tiếp khách chuẩn TQ) | B5: 385000000 | C5: 295000000 | D5: =SUM(B5:C5) | E5: HP: Lê Hồng Phong / Đình Vũ · TN: Yên Bình
A6: CNTT & phần mềm (WMS, CRM, ECUS5-VNACCS bản quyền/năm 1) | B6: 275000000 | C6: 180000000 | D6: =SUM(B6:C6) | E6: Zoho/HubSpot + đối tác WMS
A7: TỔNG CỘNG | B7: =SUM(B4:B6) | C7: =SUM(C4:C6) | D7: =SUM(D4:D6)

Sheet OPEX
A1: CHI PHÍ VẬN HÀNH NĂM ĐẦU (OPEX) — NĂM 1
A3: Hạng mục | B3: Hải Phòng (VND) | C3: Thái Nguyên (VND) | D3: Tổng (VND) | E3: Ghi chú
A4: Quỹ lương — đội pháp lý (IRC, ERC, ĐTM, PCCC) | B4: 960000000 | C4: 720000000 | D4: =SUM(B4:C4) | E4: HP 4 FTE · TN 3 FTE
A5: Quỹ lương — logistics hiện trường & chứng từ (HQ, kho) | B5: 1080000000 | C5: 648000000 | D5: =SUM(B5:C5) | E5: Chứng chỉ TCHQ · song ngữ
A6: Quỹ lương — BD/PM (HSK 5–6, Guanxi) | B6: 360000000 | C6: 312000000 | D6: =SUM(B6:C6)
A7: Thuê kho bãi & bốc xếp | B7: 336000000 | C7: 280000000 | D7: =SUM(B7:C7) | E7: HP consolidation cảng · TN KCN Yên Bình
A8: Marketing TQ (Baidu, WeChat, hội thảo Việt–Trung) | B8: 80000000 | C8: 60000000 | D8: =SUM(B8:C8)
A9: Thuê VP (phần OPEX, sau cọc) + điện nước | B9: 36000000 | C9: 30000000 | D9: =SUM(B9:C9)
A10: Tuyển dụng / HR cung ứng LĐ (TN) | B10: 0 | C10: 150000000 | D10: =SUM(B10:C10) | E10: Samsung hub competition
A11: SaaS, đi lại, admin, dự phòng phát sinh | B11: 24000000 | C11: 114000000 | D11: =SUM(B11:C11)
A12: TỔNG CỘNG | B12: =SUM(B4:B11) | C12: =SUM(C4:C11) | D12: =SUM(D4:D11)
